1,矢口巌,m,28,O
2,児玉幸一郎,m,38,O
3,関根鈴音,f,45,A
4,田上忠三,m,47,O
5,結城力m,m,52,O
6,河崎絢香,f,29,A
7,中西優香,f,54,O
8,増井琥白,m,24,A
9,青柳朔空,m,24,A
10,皆川音々,f,41,O
11,片桐和幸,m,55,A
12,狩野達志,m,27,O
13,二宮奈緒美,f,35,A
14,花井幹雄,m,39,B
15,橋本幸春,m,42,O
16,高原莉子,f,31,O
17,寺本菜央,f,54,A
18,宮内大貴,m,52,A
19,恩田敏行,m,57,A
20,国分栄美,f,32,AB
21,浦野直行,m,55,B
22,高見珠希,f,25,O
23,鶴田朋子,f,52,A
24,宇佐美美枝子,f,57,B
25,飯田孝夫,m,22,A
26,田川穂乃香,f,51,O
27,伏見舞香,f,48,O
28,今光一,m,45,O
29,大野花凛,f,21,B
30,福元茂m,m,55,B
31,吉崎滋,m,35,A
32,外山雅裕,m,39,O
33,石丸百合,f,55,A
34,松下信玄,m,24,B
35,日下真衣,f,33,O
36,三原秋m,m,37,B
37,塚越道春,m,56,O
38,山根佳代,f,55,A
39,志賀彦太郎,m,34,B
40,松野萌恵,f,36,O
41,増山信夫,m,49,A
42,前田利恵,f,54,A
43,北田数子,f,49,A
44,寺崎芳美,f,48,O
45,北尾杏里,f,48,O
46,北山憲治,m,46,O
47,谷川勝義,m,41,B
48,唐沢優奈,f,49,AB
49,篠原利勝,m,51,O
50,石塚由太郎,m,38,A
